StoreType,Assortment,CompetitionDistance,CompetitionOpenSinceMonth,CompetitionOpenSinceYear,Promo2,Promo2SinceWeek,Promo2SinceYear,PromoInterval
c,a,1270.0,9.0,2008.0,0,,,
a,a,570.0,11.0,2007.0,1,13.0,2010.0,"Jan,Apr,Jul,Oct"
a,a,14130.0,12.0,2006.0,1,14.0,2011.0,"Jan,Apr,Jul,Oct"
c,c,620.0,9.0,2009.0,0,,,
a,a,29910.0,4.0,2015.0,0,,,
a,a,310.0,12.0,2013.0,0,,,
a,c,24000.0,4.0,2013.0,0,,,
a,a,7520.0,10.0,2014.0,0,,,
a,c,2030.0,8.0,2000.0,0,,,
a,a,3160.0,9.0,2009.0,0,,,
a,c,960.0,11.0,2011.0,1,1.0,2012.0,"Jan,Apr,Jul,Oct"
a,c,1070.0,,,1,13.0,2010.0,"Jan,Apr,Jul,Oct"
d,a,310.0,,,1,45.0,2009.0,"Feb,May,Aug,Nov"
a,a,1300.0,3.0,2014.0,1,40.0,2011.0,"Jan,Apr,Jul,Oct"
d,c,4110.0,3.0,2010.0,1,14.0,2011.0,"Jan,Apr,Jul,Oct"
a,c,3270.0,,,0,,,
a,a,50.0,12.0,2005.0,1,26.0,2010.0,"Jan,Apr,Jul,Oct"
d,c,13840.0,6.0,2010.0,1,14.0,2012.0,"Jan,Apr,Jul,Oct"
a,c,3240.0,,,1,22.0,2011.0,"Mar,Jun,Sept,Dec"
d,a,2340.0,5.0,2009.0,1,40.0,2014.0,"Jan,Apr,Jul,Oct"
c,c,550.0,10.0,1999.0,1,45.0,2009.0,"Jan,Apr,Jul,Oct"
a,a,1040.0,,,1,22.0,2012.0,"Jan,Apr,Jul,Oct"
d,a,4060.0,8.0,2005.0,0,,,
a,c,4590.0,3.0,2000.0,1,40.0,2011.0,"Jan,Apr,Jul,Oct"
c,a,430.0,4.0,2003.0,0,,,
d,a,2300.0,,,0,,,
a,a,60.0,1.0,2005.0,1,5.0,2011.0,"Jan,Apr,Jul,Oct"
a,a,1200.0,10.0,2014.0,1,6.0,2015.0,"Mar,Jun,Sept,Dec"
d,c,2170.0,,,0,,,
a,a,40.0,2.0,2014.0,1,10.0,2014.0,"Mar,Jun,Sept,Dec"
d,c,9800.0,7.0,2012.0,0,,,
a,a,2910.0,,,1,45.0,2009.0,"Feb,May,Aug,Nov"
a,c,1320.0,5.0,2013.0,0,,,
c,a,2240.0,9.0,2009.0,0,,,
d,c,7660.0,10.0,2000.0,1,1.0,2012.0,"Jan,Apr,Jul,Oct"
a,c,540.0,6.0,2003.0,1,40.0,2014.0,"Jan,Apr,Jul,Oct"
c,a,4230.0,12.0,2014.0,0,,,
d,a,1090.0,4.0,2007.0,0,,,
a,a,260.0,10.0,2006.0,1,31.0,2013.0,"Feb,May,Aug,Nov"
a,a,180.0,,,1,45.0,2009.0,"Feb,May,Aug,Nov"
d,c,1180.0,,,1,31.0,2013.0,"Jan,Apr,Jul,Oct"
a,c,290.0,,,1,40.0,2011.0,"Jan,Apr,Jul,Oct"
d,a,4880.0,,,1,37.0,2009.0,"Jan,Apr,Jul,Oct"
a,a,540.0,6.0,2011.0,0,,,
d,a,9710.0,2.0,2014.0,0,,,
c,a,1200.0,9.0,2005.0,1,14.0,2011.0,"Jan,Apr,Jul,Oct"
a,c,270.0,4.0,2013.0,1,14.0,2013.0,"Jan,Apr,Jul,Oct"
a,a,1060.0,5.0,2012.0,0,,,
d,c,18010.0,9.0,2007.0,0,,,
d,a,6260.0,11.0,2009.0,0,,,
a,c,10570.0,7.0,2013.0,1,9.0,2011.0,"Jan,Apr,Jul,Oct"
d,c,450.0,4.0,2014.0,1,39.0,2010.0,"Jan,Apr,Jul,Oct"
a,c,30360.0,9.0,2013.0,0,,,
d,c,7170.0,8.0,2014.0,1,5.0,2013.0,"Feb,May,Aug,Nov"
a,a,720.0,11.0,2004.0,0,,,
d,c,6620.0,3.0,2012.0,1,10.0,2014.0,"Mar,Jun,Sept,Dec"
d,c,420.0,6.0,2014.0,0,,,
a,c,7340.0,5.0,2008.0,1,27.0,2012.0,"Jan,Apr,Jul,Oct"
a,c,2840.0,6.0,2007.0,1,14.0,2011.0,"Jan,Apr,Jul,Oct"
d,c,5540.0,10.0,2009.0,0,,,
a,c,350.0,12.0,2007.0,1,1.0,2012.0,"Jan,Apr,Jul,Oct"
a,a,2050.0,,,0,,,
c,c,3700.0,6.0,2010.0,1,18.0,2010.0,"Feb,May,Aug,Nov"
d,c,22560.0,,,1,14.0,2013.0,"Jan,Apr,Jul,Oct"
a,c,13840.0,5.0,2010.0,1,1.0,2012.0,"Jan,Apr,Jul,Oct"
d,a,7660.0,,,1,37.0,2009.0,"Jan,Apr,Jul,Oct"
a,c,410.0,2.0,2006.0,0,,,
a,c,250.0,,,1,35.0,2012.0,"Mar,Jun,Sept,Dec"
c,c,1130.0,,,1,40.0,2011.0,"Jan,Apr,Jul,Oct"
c,c,4840.0,,,0,,,
a,a,17500.0,8.0,2008.0,1,37.0,2009.0,"Mar,Jun,Sept,Dec"
a,a,2200.0,12.0,2009.0,1,13.0,2010.0,"Jan,Apr,Jul,Oct"
a,c,1650.0,9.0,2008.0,0,,,
a,a,330.0,,,0,,,
d,c,22440.0,12.0,2013.0,0,,,
d,c,19960.0,3.0,2006.0,0,,,
d,c,1090.0,8.0,2009.0,1,10.0,2014.0,"Jan,Apr,Jul,Oct"
a,a,3510.0,11.0,2006.0,1,5.0,2013.0,"Feb,May,Aug,Nov"
a,a,3320.0,,,0,,,
d,a,7910.0,,,0,,,
a,a,2370.0,3.0,2011.0,1,40.0,2014.0,"Jan,Apr,Jul,Oct"
a,a,22390.0,4.0,2008.0,1,37.0,2009.0,"Jan,Apr,Jul,Oct"
a,a,2710.0,,,0,,,
a,c,11810.0,8.0,2014.0,0,,,
b,a,1870.0,10.0,2011.0,0,,,
a,a,480.0,2.0,2005.0,1,31.0,2013.0,"Jan,Apr,Jul,Oct"
a,a,560.0,12.0,2010.0,0,,,
a,a,10690.0,10.0,2005.0,0,,,
a,a,2380.0,7.0,2004.0,1,40.0,2014.0,"Jan,Apr,Jul,Oct"
a,a,330.0,11.0,2007.0,0,,,
c,a,2410.0,,,1,35.0,2011.0,"Jan,Apr,Jul,Oct"
c,a,240.0,,,1,45.0,2009.0,"Feb,May,Aug,Nov"
a,a,16690.0,,,1,14.0,2011.0,"Jan,Apr,Jul,Oct"
d,c,14620.0,,,0,,,
a,a,1890.0,10.0,2014.0,0,,,
a,a,8780.0,2.0,2005.0,1,37.0,2009.0,"Jan,Apr,Jul,Oct"
d,c,8980.0,,,0,,,
d,c,15140.0,12.0,2006.0,1,1.0,2012.0,"Jan,Apr,Jul,Oct"
c,c,2030.0,11.0,2003.0,1,22.0,2012.0,"Mar,Jun,Sept,Dec"
d,a,17930.0,,,0,,,
d,c,2440.0,,,1,22.0,2012.0,"Mar,Jun,Sept,Dec"
a,a,150.0,12.0,2007.0,1,10.0,2014.0,"Mar,Jun,Sept,Dec"
d,c,5210.0,5.0,2015.0,0,,,
a,a,390.0,6.0,2009.0,0,,,
a,c,6190.0,,,1,23.0,2013.0,"Mar,Jun,Sept,Dec"
a,a,1390.0,8.0,2013.0,0,,,
a,a,1930.0,9.0,2009.0,0,,,
d,c,2190.0,9.0,2003.0,0,,,
a,c,3300.0,11.0,2010.0,0,,,
a,c,46590.0,4.0,2013.0,0,,,
d,c,7890.0,,,1,37.0,2009.0,"Jan,Apr,Jul,Oct"
a,a,1630.0,9.0,2009.0,0,,,
d,c,20930.0,11.0,1999.0,0,,,
c,a,4510.0,,,1,48.0,2011.0,"Mar,Jun,Sept,Dec"
d,c,5740.0,4.0,2007.0,1,40.0,2014.0,"Jan,Apr,Jul,Oct"
a,a,680.0,4.0,2013.0,0,,,
a,a,3450.0,9.0,2011.0,0,,,
d,c,3580.0,9.0,2012.0,0,,,
a,c,2100.0,2.0,2010.0,0,,,
d,a,2290.0,12.0,2014.0,1,37.0,2009.0,"Jan,Apr,Jul,Oct"
a,a,3570.0,11.0,2009.0,1,36.0,2013.0,"Mar,Jun,Sept,Dec"
a,c,58260.0,4.0,2013.0,0,,,
a,a,16760.0,9.0,2011.0,0,,,
a,a,1410.0,4.0,2003.0,0,,,
a,a,760.0,12.0,2005.0,0,,,
d,a,3370.0,10.0,2014.0,1,18.0,2011.0,"Feb,May,Aug,Nov"
d,a,1350.0,12.0,2005.0,1,13.0,2010.0,"Jan,Apr,Jul,Oct"
d,c,2000.0,,,1,1.0,2013.0,"Jan,Apr,Jul,Oct"
a,a,2460.0,,,1,14.0,2011.0,"Jan,Apr,Jul,Oct"
c,a,900.0,,,1,13.0,2010.0,"Jan,Apr,Jul,Oct"
c,a,920.0,7.0,2015.0,0,,,
d,c,1040.0,,,1,27.0,2012.0,"Jan,Apr,Jul,Oct"
a,a,270.0,8.0,2013.0,1,10.0,2014.0,"Mar,Jun,Sept,Dec"
a,a,1200.0,9.0,2008.0,0,,,
d,a,5190.0,,,1,1.0,2013.0,"Jan,Apr,Jul,Oct"
a,c,2200.0,12.0,2010.0,1,22.0,2012.0,"Feb,May,Aug,Nov"
a,a,1730.0,7.0,2015.0,1,40.0,2014.0,"Jan,Apr,Jul,Oct"
a,c,25360.0,10.0,2014.0,0,,,
a,a,1700.0,1.0,2008.0,1,14.0,2011.0,"Jan,Apr,Jul,Oct"
a,c,1090.0,7.0,2010.0,1,1.0,2013.0,"Jan,Apr,Jul,Oct"
c,c,1540.0,,,1,22.0,2012.0,"Mar,Jun,Sept,Dec"
a,a,1090.0,7.0,2002.0,0,,,
d,a,2930.0,12.0,2002.0,0,,,
a,c,16570.0,,,0,,,
a,a,280.0,,,1,45.0,2009.0,"Feb,May,Aug,Nov"
d,c,8050.0,10.0,1961.0,1,48.0,2012.0,"Jan,Apr,Jul,Oct"
d,c,8540.0,,,0,,,
a,a,2090.0,12.0,2008.0,0,,,
d,a,2610.0,7.0,2006.0,1,14.0,2011.0,"Jan,Apr,Jul,Oct"
c,c,31830.0,3.0,2010.0,0,,,
d,c,4360.0,10.0,2005.0,0,,,
a,a,1780.0,,,0,,,
a,a,16240.0,10.0,2000.0,1,18.0,2011.0,"Feb,May,Aug,Nov"
d,c,16420.0,,,0,,,
d,a,3050.0,,,1,35.0,2010.0,"Jan,Apr,Jul,Oct"
a,a,2020.0,2.0,2011.0,1,14.0,2011.0,"Mar,Jun,Sept,Dec"
a,c,2950.0,10.0,2004.0,0,,,
d,c,11840.0,,,1,31.0,2009.0,"Feb,May,Aug,Nov"
d,a,8530.0,3.0,2013.0,0,,,
d,c,17110.0,11.0,2005.0,0,,,
a,c,2970.0,3.0,2005.0,0,,,
d,c,5340.0,3.0,2012.0,1,13.0,2010.0,"Jan,Apr,Jul,Oct"
a,a,1480.0,4.0,2009.0,0,,,
a,a,1160.0,9.0,2005.0,1,13.0,2010.0,"Jan,Apr,Jul,Oct"
a,a,3720.0,4.0,2005.0,1,13.0,2010.0,"Jan,Apr,Jul,Oct"
a,c,100.0,4.0,2014.0,1,31.0,2013.0,"Jan,Apr,Jul,Oct"
a,a,140.0,4.0,2008.0,0,,,
a,a,12540.0,,,0,,,
d,a,980.0,7.0,2014.0,1,18.0,2014.0,"Feb,May,Aug,Nov"
a,a,1070.0,5.0,2015.0,1,14.0,2011.0,"Jan,Apr,Jul,Oct"
a,a,2640.0,,,0,,,
a,a,110.0,,,1,40.0,2014.0,"Jan,Apr,Jul,Oct"
a,a,350.0,12.0,2012.0,0,,,
a,a,13090.0,,,1,22.0,2012.0,"Jan,Apr,Jul,Oct"
c,a,4130.0,,,0,,,
a,a,3770.0,,,0,,,
a,a,1250.0,2.0,2004.0,1,5.0,2013.0,"Feb,May,Aug,Nov"
d,a,1710.0,,,0,,,
a,c,480.0,,,0,,,
d,a,5800.0,9.0,2010.0,0,,,
a,a,12610.0,3.0,2013.0,1,14.0,2011.0,"Jan,Apr,Jul,Oct"
d,c,1390.0,,,1,9.0,2011.0,"Mar,Jun,Sept,Dec"
a,a,9670.0,,,0,,,
d,c,3560.0,,,0,,,
d,c,1860.0,5.0,2015.0,0,,,
a,a,290.0,10.0,2011.0,1,40.0,2014.0,"Jan,Apr,Jul,Oct"
a,c,19360.0,,,0,,,
d,a,850.0,,,1,18.0,2011.0,"Feb,May,Aug,Nov"
d,a,5760.0,7.0,2014.0,0,,,
a,a,1470.0,12.0,2006.0,1,40.0,2014.0,"Jan,Apr,Jul,Oct"
a,a,1100.0,8.0,2013.0,1,40.0,2014.0,"Jan,Apr,Jul,Oct"
d,c,2770.0,3.0,2008.0,1,40.0,2014.0,"Jan,Apr,Jul,Oct"
a,a,520.0,,,0,,,
d,c,16970.0,,,1,5.0,2013.0,"Feb,May,Aug,Nov"
a,c,220.0,,,0,,,
c,a,3850.0,11.0,2005.0,1,14.0,2011.0,"Jan,Apr,Jul,Oct"
c,a,4210.0,3.0,2015.0,0,,,
a,a,290.0,9.0,2002.0,1,13.0,2010.0,"Jan,Apr,Jul,Oct"
d,c,6360.0,12.0,2010.0,1,14.0,2012.0,"Mar,Jun,Sept,Dec"
a,a,1650.0,10.0,2000.0,0,,,
d,a,20260.0,,,1,18.0,2014.0,"Mar,Jun,Sept,Dec"
d,c,5140.0,5.0,2010.0,0,,,
c,c,490.0,11.0,2002.0,0,,,
a,a,5630.0,12.0,2002.0,1,40.0,2014.0,"Jan,Apr,Jul,Oct"
a,a,110.0,12.0,2007.0,0,,,
a,c,380.0,,,1,14.0,2012.0,"Jan,Apr,Jul,Oct"
a,a,6870.0,,,0,,,
c,a,300.0,4.0,2006.0,0,,,
a,c,11680.0,9.0,2011.0,1,31.0,2013.0,"Jan,Apr,Jul,Oct"
d,a,970.0,11.0,1999.0,1,5.0,2013.0,"Feb,May,Aug,Nov"
a,c,350.0,11.0,2006.0,0,,,
a,c,15050.0,9.0,2008.0,0,,,
d,c,4030.0,3.0,2014.0,1,1.0,2014.0,"Jan,Apr,Jul,Oct"
d,a,8650.0,7.0,2013.0,1,10.0,2014.0,"Jan,Apr,Jul,Oct"
d,a,150.0,,,1,45.0,2009.0,"Feb,May,Aug,Nov"
c,a,190.0,,,1,45.0,2009.0,"Feb,May,Aug,Nov"
c,a,3150.0,,,0,,,
a,c,640.0,,,1,9.0,2011.0,"Mar,Jun,Sept,Dec"
a,a,1640.0,2.0,2013.0,0,,,
a,a,1000.0,9.0,2008.0,0,,,
d,c,13530.0,9.0,2013.0,0,,,
a,a,2170.0,11.0,2008.0,0,,,
d,c,2920.0,10.0,1995.0,1,27.0,2011.0,"Jan,Apr,Jul,Oct"
d,c,7930.0,,,1,1.0,2013.0,"Jan,Apr,Jul,Oct"
d,a,10180.0,5.0,2015.0,0,,,
a,a,450.0,,,0,,,
a,a,2370.0,,,0,,,
d,c,10800.0,,,1,18.0,2011.0,"Feb,May,Aug,Nov"
d,c,17410.0,4.0,2007.0,1,14.0,2011.0,"Jan,Apr,Jul,Oct"
d,c,6680.0,9.0,2013.0,0,,,
d,c,3840.0,10.0,2008.0,1,39.0,2010.0,"Feb,May,Aug,Nov"
c,c,13570.0,5.0,2010.0,1,10.0,2013.0,"Mar,Jun,Sept,Dec"
a,a,1890.0,,,0,,,
d,a,4370.0,,,0,,,
a,a,5710.0,3.0,2012.0,1,37.0,2009.0,"Jan,Apr,Jul,Oct"
a,a,1000.0,11.0,2007.0,0,,,
a,a,1420.0,11.0,2007.0,0,,,
a,a,320.0,,,1,45.0,2009.0,"Feb,May,Aug,Nov"
d,c,610.0,,,0,,,
a,a,1110.0,5.0,2009.0,0,,,
d,c,780.0,,,0,,,
d,a,6880.0,9.0,2001.0,1,14.0,2011.0,"Jan,Apr,Jul,Oct"
a,a,310.0,,,1,5.0,2013.0,"Feb,May,Aug,Nov"
d,a,710.0,3.0,2012.0,1,1.0,2012.0,"Jan,Apr,Jul,Oct"
a,c,1310.0,,,0,,,
c,a,4660.0,4.0,2013.0,0,,,
d,c,70.0,11.0,2010.0,1,5.0,2013.0,"Feb,May,Aug,Nov"
a,c,340.0,9.0,2012.0,1,40.0,2012.0,"Jan,Apr,Jul,Oct"
d,c,18010.0,9.0,2014.0,0,,,
d,a,3520.0,,,1,18.0,2012.0,"Feb,May,Aug,Nov"
a,c,340.0,,,0,,,
d,c,22330.0,,,1,5.0,2010.0,"Feb,May,Aug,Nov"
a,c,250.0,,,1,5.0,2013.0,"Feb,May,Aug,Nov"
d,a,330.0,3.0,2008.0,1,1.0,2012.0,"Mar,Jun,Sept,Dec"
c,c,4630.0,3.0,2011.0,1,35.0,2011.0,"Feb,May,Aug,Nov"
a,c,80.0,9.0,2005.0,1,10.0,2014.0,"Mar,Jun,Sept,Dec"
a,a,420.0,12.0,2012.0,0,,,
a,a,27190.0,7.0,2010.0,1,37.0,2009.0,"Jan,Apr,Jul,Oct"
b,b,210.0,,,0,,,
a,a,540.0,10.0,2011.0,0,,,
d,c,15340.0,4.0,2015.0,1,39.0,2009.0,"Jan,Apr,Jul,Oct"
b,a,1180.0,5.0,2013.0,0,,,
a,c,1140.0,5.0,2013.0,1,40.0,2014.0,"Jan,Apr,Jul,Oct"
a,a,180.0,3.0,2014.0,0,,,
a,a,4580.0,,,1,14.0,2015.0,"Jan,Apr,Jul,Oct"
a,c,360.0,3.0,2014.0,1,9.0,2011.0,"Mar,Jun,Sept,Dec"
c,a,2460.0,1.0,2012.0,0,,,
a,a,4520.0,2.0,2014.0,0,,,
a,c,60.0,6.0,2015.0,0,,,
a,a,1450.0,7.0,2014.0,0,,,
a,a,420.0,,,1,14.0,2011.0,"Jan,Apr,Jul,Oct"
a,a,16180.0,7.0,2003.0,1,14.0,2011.0,"Jan,Apr,Jul,Oct"
a,c,8480.0,,,0,,,
b,b,3640.0,,,1,10.0,2013.0,"Jan,Apr,Jul,Oct"
d,a,300.0,5.0,2014.0,1,40.0,2014.0,"Jan,Apr,Jul,Oct"
a,a,2960.0,10.0,2014.0,1,36.0,2013.0,"Mar,Jun,Sept,Dec"
d,c,7840.0,,,1,31.0,2009.0,"Feb,May,Aug,Nov"
a,c,9260.0,2.0,2010.0,0,,,
d,c,2320.0,,,1,40.0,2012.0,"Jan,Apr,Jul,Oct"
d,c,18640.0,9.0,2013.0,1,10.0,2014.0,"Mar,Jun,Sept,Dec"
d,c,6970.0,9.0,2011.0,0,,,
a,a,1220.0,12.0,2010.0,0,,,
a,a,2260.0,,,1,40.0,2014.0,"Jan,Apr,Jul,Oct"
d,a,1290.0,,,1,40.0,2014.0,"Jan,Apr,Jul,Oct"
a,a,2410.0,,,0,,,
a,a,1460.0,4.0,2015.0,0,,,
c,a,2740.0,5.0,2009.0,1,40.0,2014.0,"Jan,Apr,Jul,Oct"
d,a,800.0,,,1,14.0,2011.0,"Mar,Jun,Sept,Dec"
d,a,6540.0,12.0,2007.0,0,,,
a,a,4150.0,5.0,2001.0,0,,,
d,a,,,,0,,,
a,a,1100.0,6.0,2009.0,0,,,
c,c,140.0,11.0,2007.0,0,,,
a,a,3150.0,5.0,2005.0,0,,,
a,a,210.0,11.0,2000.0,1,36.0,2013.0,"Mar,Jun,Sept,Dec"
a,a,9580.0,5.0,2007.0,1,45.0,2014.0,"Feb,May,Aug,Nov"
a,a,2300.0,9.0,2010.0,0,,,
d,a,19840.0,7.0,2009.0,0,,,
d,c,38630.0,9.0,2012.0,0,,,
a,c,120.0,4.0,2009.0,1,1.0,2012.0,"Jan,Apr,Jul,Oct"
a,c,4510.0,3.0,2015.0,0,,,
d,c,2190.0,12.0,2007.0,1,9.0,2011.0,"Mar,Jun,Sept,Dec"
a,a,15430.0,11.0,2012.0,1,18.0,2011.0,"Feb,May,Aug,Nov"
a,a,1950.0,7.0,2015.0,0,,,
c,c,2470.0,2.0,2005.0,1,31.0,2013.0,"Mar,Jun,Sept,Dec"
a,a,5100.0,4.0,2007.0,1,40.0,2014.0,"Jan,Apr,Jul,Oct"
a,a,18660.0,9.0,2002.0,0,,,
a,a,1070.0,12.0,2006.0,1,13.0,2010.0,"Jan,Apr,Jul,Oct"
d,a,8740.0,,,1,37.0,2009.0,"Feb,May,Aug,Nov"
a,c,2290.0,,,1,10.0,2014.0,"Mar,Jun,Sept,Dec"
a,c,680.0,7.0,2005.0,0,,,
d,a,11300.0,3.0,2012.0,0,,,
d,c,14160.0,,,0,,,
a,a,3560.0,10.0,2001.0,1,31.0,2013.0,"Feb,May,Aug,Nov"
a,c,38710.0,4.0,2013.0,0,,,
d,a,9000.0,8.0,2001.0,0,,,
d,a,3140.0,7.0,2013.0,1,14.0,2011.0,"Jan,Apr,Jul,Oct"
d,c,32330.0,3.0,2014.0,0,,,
a,c,570.0,9.0,2012.0,1,27.0,2012.0,"Mar,Jun,Sept,Dec"
a,c,210.0,9.0,2012.0,0,,,
c,c,8140.0,11.0,2013.0,1,10.0,2014.0,"Mar,Jun,Sept,Dec"
a,a,17500.0,4.0,2001.0,1,37.0,2009.0,"Jan,Apr,Jul,Oct"
d,c,8400.0,4.0,2012.0,1,5.0,2013.0,"Feb,May,Aug,Nov"
a,a,13140.0,,,1,14.0,2011.0,"Jan,Apr,Jul,Oct"
a,c,350.0,3.0,2011.0,1,22.0,2011.0,"Feb,May,Aug,Nov"
d,a,10070.0,5.0,2015.0,1,31.0,2013.0,"Feb,May,Aug,Nov"
c,c,1390.0,12.0,2004.0,0,,,
a,a,3130.0,7.0,2002.0,0,,,
a,a,1310.0,6.0,1990.0,1,22.0,2012.0,"Mar,Jun,Sept,Dec"
a,c,370.0,,,1,22.0,2012.0,"Mar,Jun,Sept,Dec"
a,c,670.0,,,1,14.0,2015.0,"Jan,Apr,Jul,Oct"
a,a,1840.0,3.0,2006.0,0,,,
a,c,3720.0,2.0,2010.0,0,,,
d,c,4040.0,8.0,2008.0,1,18.0,2013.0,"Mar,Jun,Sept,Dec"
b,a,90.0,,,1,31.0,2013.0,"Jan,Apr,Jul,Oct"
a,a,190.0,7.0,2014.0,0,,,
d,c,10600.0,7.0,2005.0,1,45.0,2014.0,"Feb,May,Aug,Nov"
a,c,1590.0,,,1,37.0,2009.0,"Jan,Apr,Jul,Oct"
a,c,2280.0,,,1,10.0,2013.0,"Mar,Jun,Sept,Dec"
a,c,8080.0,,,0,,,
a,a,190.0,9.0,2011.0,0,,,
d,c,15770.0,,,1,40.0,2014.0,"Jan,Apr,Jul,Oct"
d,a,18650.0,4.0,2004.0,1,14.0,2014.0,"Jan,Apr,Jul,Oct"
a,c,300.0,4.0,2011.0,1,14.0,2011.0,"Jan,Apr,Jul,Oct"
a,a,120.0,,,1,22.0,2012.0,"Jan,Apr,Jul,Oct"
a,c,8090.0,,,0,,,
d,c,9360.0,7.0,2013.0,1,22.0,2012.0,"Mar,Jun,Sept,Dec"
a,a,16490.0,,,1,22.0,2012.0,"Jan,Apr,Jul,Oct"
c,c,1490.0,4.0,2009.0,0,,,
d,a,8880.0,,,1,14.0,2011.0,"Jan,Apr,Jul,Oct"
a,a,5290.0,11.0,2012.0,1,5.0,2013.0,"Feb,May,Aug,Nov"
d,c,6360.0,,,1,40.0,2012.0,"Mar,Jun,Sept,Dec"
b,b,900.0,,,1,14.0,2013.0,"Feb,May,Aug,Nov"
d,c,1500.0,10.0,2005.0,0,,,
a,c,9720.0,8.0,2013.0,0,,,
d,c,8970.0,12.0,2007.0,1,22.0,2012.0,"Feb,May,Aug,Nov"
a,a,2060.0,10.0,2008.0,0,,,
a,a,2890.0,10.0,2003.0,0,,,
d,c,4370.0,,,0,,,
a,a,2040.0,6.0,2007.0,0,,,
c,c,4490.0,5.0,2014.0,1,5.0,2013.0,"Feb,May,Aug,Nov"
c,c,340.0,,,0,,,
a,a,250.0,9.0,2009.0,0,,,
a,c,13620.0,,,1,10.0,2014.0,"Mar,Jun,Sept,Dec"
c,a,2410.0,,,1,45.0,2009.0,"Feb,May,Aug,Nov"
d,c,6470.0,12.0,2004.0,0,,,
d,c,2640.0,9.0,2012.0,0,,,
d,c,1450.0,4.0,2005.0,1,45.0,2009.0,"Feb,May,Aug,Nov"
d,c,5870.0,4.0,2014.0,0,,,
d,a,8250.0,10.0,2000.0,1,31.0,2009.0,"Jan,Apr,Jul,Oct"
d,c,1970.0,7.0,2009.0,1,45.0,2014.0,"Feb,May,Aug,Nov"
d,c,4880.0,8.0,2010.0,1,18.0,2014.0,"Jan,Apr,Jul,Oct"
d,c,11120.0,,,1,22.0,2012.0,"Jan,Apr,Jul,Oct"
a,a,1150.0,9.0,2007.0,0,,,
a,c,15710.0,2.0,2013.0,1,37.0,2009.0,"Jan,Apr,Jul,Oct"
a,a,160.0,8.0,2012.0,0,,,
a,c,100.0,6.0,2010.0,1,18.0,2010.0,"Feb,May,Aug,Nov"
a,c,2140.0,8.0,2012.0,0,,,
d,a,6630.0,,,0,,,
a,a,2240.0,5.0,2013.0,1,10.0,2014.0,"Mar,Jun,Sept,Dec"
a,a,1800.0,11.0,2006.0,1,5.0,2013.0,"Feb,May,Aug,Nov"
c,c,26130.0,11.0,2002.0,0,,,
a,c,350.0,,,0,,,
a,c,130.0,,,1,14.0,2011.0,"Jan,Apr,Jul,Oct"
d,a,4580.0,9.0,2007.0,0,,,
d,c,1460.0,4.0,2014.0,1,31.0,2013.0,"Jan,Apr,Jul,Oct"
c,a,210.0,,,1,36.0,2013.0,"Mar,Jun,Sept,Dec"
a,a,2260.0,,,0,,,
a,c,6690.0,8.0,2011.0,0,,,
a,c,1600.0,4.0,2009.0,0,,,
a,a,460.0,11.0,2014.0,1,31.0,2013.0,"Feb,May,Aug,Nov"
a,a,2120.0,,,0,,,
d,c,4820.0,3.0,2008.0,0,,,
d,a,10850.0,,,0,,,
a,a,3620.0,2.0,2013.0,0,,,
a,c,23130.0,,,0,,,
a,c,130.0,,,1,27.0,2013.0,"Feb,May,Aug,Nov"
c,c,1540.0,,,1,1.0,2012.0,"Jan,Apr,Jul,Oct"
a,a,5360.0,9.0,2012.0,1,40.0,2011.0,"Jan,Apr,Jul,Oct"
a,a,70.0,11.0,2004.0,1,14.0,2011.0,"Jan,Apr,Jul,Oct"
a,c,9200.0,10.0,2009.0,1,14.0,2012.0,"Jan,Apr,Jul,Oct"
c,c,5830.0,9.0,2011.0,1,13.0,2010.0,"Jan,Apr,Jul,Oct"
a,a,4970.0,7.0,2015.0,0,,,
a,c,1420.0,,,1,10.0,2013.0,"Mar,Jun,Sept,Dec"
a,a,1080.0,4.0,2008.0,1,14.0,2011.0,"Jan,Apr,Jul,Oct"
d,c,8240.0,3.0,2001.0,1,10.0,2013.0,"Feb,May,Aug,Nov"
a,a,5890.0,10.0,2003.0,1,14.0,2011.0,"Feb,May,Aug,Nov"
c,a,1560.0,,,1,45.0,2009.0,"Feb,May,Aug,Nov"
d,c,840.0,,,1,1.0,2013.0,"Jan,Apr,Jul,Oct"
c,a,40.0,11.0,2011.0,1,22.0,2012.0,"Mar,Jun,Sept,Dec"
d,c,8460.0,,,0,,,
d,c,4460.0,,,1,39.0,2010.0,"Jan,Apr,Jul,Oct"
a,c,760.0,9.0,2014.0,0,,,
d,c,6210.0,,,1,1.0,2013.0,"Jan,Apr,Jul,Oct"
d,c,6910.0,4.0,2005.0,0,,,
a,c,4650.0,6.0,2014.0,0,,,
a,c,840.0,,,1,10.0,2014.0,"Jan,Apr,Jul,Oct"
a,a,1060.0,5.0,2009.0,1,27.0,2011.0,"Feb,May,Aug,Nov"
c,a,1620.0,9.0,2009.0,0,,,
d,c,250.0,,,1,27.0,2012.0,"Jan,Apr,Jul,Oct"
c,c,3530.0,6.0,2012.0,1,35.0,2012.0,"Mar,Jun,Sept,Dec"
a,c,2880.0,,,0,,,
b,a,1270.0,5.0,2014.0,0,,,
d,c,1250.0,,,1,40.0,2011.0,"Jan,Apr,Jul,Oct"
d,c,1460.0,,,0,,,
a,a,250.0,,,0,,,
a,c,70.0,7.0,2005.0,1,13.0,2010.0,"Jan,Apr,Jul,Oct"
d,a,2960.0,12.0,2014.0,1,23.0,2015.0,"Mar,Jun,Sept,Dec"
d,c,16350.0,7.0,2005.0,1,31.0,2013.0,"Jan,Apr,Jul,Oct"
d,c,12870.0,10.0,2008.0,0,,,
d,c,4520.0,,,0,,,
a,a,810.0,5.0,2013.0,0,,,
a,c,30030.0,11.0,2010.0,0,,,
a,a,13020.0,8.0,2003.0,1,40.0,2014.0,"Jan,Apr,Jul,Oct"
a,a,910.0,,,0,,,
d,a,2300.0,,,0,,,
c,c,430.0,,,1,50.0,2010.0,"Jan,Apr,Jul,Oct"
d,c,1110.0,,,1,40.0,2012.0,"Jan,Apr,Jul,Oct"
a,a,1350.0,9.0,2009.0,0,,,
d,a,3900.0,4.0,2005.0,1,45.0,2009.0,"Feb,May,Aug,Nov"
d,a,2530.0,,,0,,,
c,a,500.0,,,1,45.0,2009.0,"Feb,May,Aug,Nov"
d,a,11400.0,12.0,2005.0,0,,,
c,a,1700.0,11.0,2009.0,0,,,
a,a,240.0,,,0,,,
a,a,340.0,10.0,2000.0,1,31.0,2013.0,"Feb,May,Aug,Nov"
a,c,1510.0,9.0,2013.0,0,,,
a,c,3970.0,9.0,2009.0,0,,,
a,c,120.0,12.0,2014.0,1,37.0,2009.0,"Jan,Apr,Jul,Oct"
c,a,5780.0,11.0,1994.0,1,10.0,2014.0,"Mar,Jun,Sept,Dec"
a,a,2460.0,4.0,2009.0,1,13.0,2010.0,"Jan,Apr,Jul,Oct"
a,c,1850.0,8.0,2013.0,1,5.0,2011.0,"Feb,May,Aug,Nov"
a,c,75860.0,,,0,,,
a,a,26450.0,,,0,,,
d,c,7660.0,9.0,2010.0,0,,,
a,c,140.0,,,0,,,
d,c,13140.0,,,1,31.0,2013.0,"Jan,Apr,Jul,Oct"
c,a,3390.0,,,0,,,
a,a,250.0,9.0,2008.0,1,5.0,2013.0,"Feb,May,Aug,Nov"
a,a,34050.0,4.0,2008.0,0,,,
d,c,1790.0,7.0,2013.0,1,40.0,2013.0,"Jan,Apr,Jul,Oct"
a,a,44320.0,8.0,2008.0,0,,,
a,a,4160.0,,,0,,,
c,a,520.0,3.0,2009.0,0,,,
d,c,10890.0,4.0,2005.0,0,,,
a,c,3110.0,3.0,2003.0,0,,,
a,c,20390.0,4.0,2008.0,0,,,
c,c,5260.0,9.0,2012.0,0,,,
c,c,710.0,9.0,2005.0,0,,,
a,c,50.0,,,0,,,
d,a,5300.0,,,1,45.0,2009.0,"Feb,May,Aug,Nov"
c,c,5030.0,8.0,2011.0,0,,,
a,a,50.0,,,0,,,
c,a,14810.0,,,1,14.0,2011.0,"Mar,Jun,Sept,Dec"
a,a,140.0,9.0,2005.0,0,,,
d,a,8300.0,9.0,2006.0,0,,,
d,a,770.0,7.0,2010.0,1,35.0,2010.0,"Jan,Apr,Jul,Oct"
d,c,1940.0,3.0,2012.0,0,,,
a,a,320.0,12.0,2005.0,1,9.0,2011.0,"Feb,May,Aug,Nov"
a,a,300.0,11.0,2012.0,0,,,
c,c,7470.0,,,1,44.0,2012.0,"Feb,May,Aug,Nov"
c,a,2550.0,10.0,2005.0,0,,,
a,c,2310.0,9.0,2011.0,1,13.0,2010.0,"Jan,Apr,Jul,Oct"
a,c,14300.0,3.0,2011.0,0,,,
d,c,3270.0,,,1,22.0,2012.0,"Jan,Apr,Jul,Oct"
a,a,2320.0,,,1,31.0,2013.0,"Jan,Apr,Jul,Oct"
d,c,2180.0,9.0,2012.0,1,40.0,2012.0,"Jan,Apr,Jul,Oct"
a,c,2890.0,4.0,2014.0,0,,,
a,a,14960.0,11.0,2013.0,1,37.0,2009.0,"Jan,Apr,Jul,Oct"
a,a,660.0,4.0,2013.0,1,40.0,2014.0,"Jan,Apr,Jul,Oct"
d,c,4680.0,,,1,22.0,2012.0,"Mar,Jun,Sept,Dec"
a,a,1740.0,3.0,2008.0,1,40.0,2012.0,"Jan,Apr,Jul,Oct"
d,c,1150.0,,,1,14.0,2011.0,"Jan,Apr,Jul,Oct"
b,a,1260.0,6.0,2011.0,0,,,
d,a,5470.0,,,1,37.0,2009.0,"Jan,Apr,Jul,Oct"
d,c,2780.0,6.0,2015.0,0,,,
a,c,1610.0,,,0,,,
a,a,990.0,,,1,40.0,2014.0,"Jan,Apr,Jul,Oct"
c,c,450.0,,,1,5.0,2013.0,"Feb,May,Aug,Nov"
d,c,10690.0,9.0,2007.0,1,5.0,2013.0,"Jan,Apr,Jul,Oct"
a,c,1620.0,9.0,2006.0,0,,,
a,a,220.0,2.0,2002.0,1,37.0,2009.0,"Jan,Apr,Jul,Oct"
d,c,13080.0,9.0,2006.0,1,14.0,2011.0,"Jan,Apr,Jul,Oct"
c,c,820.0,,,0,,,
a,a,350.0,,,1,5.0,2013.0,"Feb,May,Aug,Nov"
a,a,1850.0,12.0,2014.0,1,18.0,2011.0,"Feb,May,Aug,Nov"
a,c,9070.0,4.0,2011.0,1,37.0,2009.0,"Jan,Apr,Jul,Oct"
a,c,1280.0,,,1,40.0,2011.0,"Jan,Apr,Jul,Oct"
a,a,4740.0,7.0,2008.0,1,37.0,2009.0,"Jan,Apr,Jul,Oct"
a,c,8260.0,,,0,,,
a,a,2060.0,9.0,2009.0,0,,,
b,b,590.0,,,1,5.0,2013.0,"Mar,Jun,Sept,Dec"
a,a,400.0,8.0,2013.0,0,,,
c,c,1200.0,7.0,2012.0,1,27.0,2012.0,"Jan,Apr,Jul,Oct"
d,c,11260.0,,,1,9.0,2011.0,"Feb,May,Aug,Nov"
a,c,20.0,,,1,35.0,2010.0,"Mar,Jun,Sept,Dec"
a,c,22490.0,,,0,,,
d,c,3330.0,3.0,2015.0,1,13.0,2010.0,"Jan,Apr,Jul,Oct"
c,c,2510.0,8.0,2009.0,1,1.0,2012.0,"Jan,Apr,Jul,Oct"
a,c,6900.0,,,1,40.0,2012.0,"Mar,Jun,Sept,Dec"
d,a,18610.0,11.0,2002.0,1,48.0,2011.0,"Mar,Jun,Sept,Dec"
d,c,7160.0,11.0,2012.0,1,9.0,2011.0,"Jan,Apr,Jul,Oct"
c,c,50.0,11.0,2013.0,0,,,
a,c,40860.0,9.0,2013.0,0,,,
d,c,1870.0,9.0,2013.0,0,,,
a,a,120.0,,,1,48.0,2011.0,"Mar,Jun,Sept,Dec"
d,c,5830.0,4.0,2008.0,0,,,
a,c,20620.0,,,1,37.0,2009.0,"Jan,Apr,Jul,Oct"
d,c,12920.0,9.0,2012.0,0,,,
a,c,18160.0,,,0,,,
a,c,4030.0,,,0,,,
a,c,1070.0,8.0,2010.0,0,,,
a,c,5950.0,,,0,,,
d,a,1200.0,9.0,2009.0,1,45.0,2009.0,"Jan,Apr,Jul,Oct"
a,a,3570.0,4.0,2007.0,0,,,
a,c,4700.0,9.0,2002.0,1,31.0,2013.0,"Feb,May,Aug,Nov"
a,a,600.0,5.0,2002.0,1,1.0,2012.0,"Jan,Apr,Jul,Oct"
a,a,990.0,2.0,2010.0,0,,,
a,a,770.0,5.0,2013.0,1,40.0,2014.0,"Jan,Apr,Jul,Oct"
d,c,810.0,,,1,48.0,2012.0,"Jan,Apr,Jul,Oct"
a,c,650.0,7.0,1990.0,0,,,
a,a,7280.0,9.0,2012.0,1,1.0,2013.0,"Jan,Apr,Jul,Oct"
c,a,1080.0,12.0,2012.0,0,,,
a,a,250.0,12.0,2001.0,1,13.0,2010.0,"Jan,Apr,Jul,Oct"
a,c,5020.0,5.0,2006.0,1,18.0,2014.0,"Feb,May,Aug,Nov"
a,a,580.0,1.0,2005.0,0,,,
d,c,8990.0,11.0,2009.0,1,35.0,2010.0,"Mar,Jun,Sept,Dec"
d,c,3760.0,2.0,2009.0,0,,,
a,c,2330.0,,,0,,,
d,c,50.0,6.0,2015.0,0,,,
a,c,2190.0,9.0,2013.0,0,,,
a,a,4260.0,7.0,2008.0,1,37.0,2009.0,"Jan,Apr,Jul,Oct"
c,a,3040.0,9.0,2002.0,1,13.0,2010.0,"Jan,Apr,Jul,Oct"
c,c,1200.0,,,0,,,
d,a,1560.0,1.0,2014.0,1,10.0,2013.0,"Mar,Jun,Sept,Dec"
d,c,1140.0,11.0,2014.0,0,,,
a,a,250.0,,,0,,,
a,a,3000.0,2.0,2010.0,0,,,
d,a,3910.0,11.0,2006.0,1,5.0,2013.0,"Feb,May,Aug,Nov"
c,c,1910.0,7.0,2013.0,0,,,
d,a,14300.0,,,0,,,
b,c,1210.0,,,0,,,
a,a,700.0,3.0,2015.0,1,10.0,2014.0,"Jan,Apr,Jul,Oct"
d,c,6540.0,,,1,14.0,2013.0,"Jan,Apr,Jul,Oct"
a,c,160.0,7.0,2007.0,0,,,
a,a,3620.0,,,1,40.0,2013.0,"Jan,Apr,Jul,Oct"
c,a,1010.0,9.0,2012.0,1,18.0,2011.0,"Feb,May,Aug,Nov"
d,c,4270.0,,,1,1.0,2013.0,"Jan,Apr,Jul,Oct"
a,a,1340.0,9.0,2006.0,0,,,
a,a,180.0,11.0,2006.0,0,,,
d,a,2110.0,11.0,1995.0,1,40.0,2014.0,"Jan,Apr,Jul,Oct"
d,c,9230.0,4.0,2004.0,1,37.0,2009.0,"Jan,Apr,Jul,Oct"
a,a,1190.0,11.0,2012.0,1,36.0,2013.0,"Jan,Apr,Jul,Oct"
d,a,4400.0,,,0,,,
a,a,960.0,5.0,2008.0,1,13.0,2010.0,"Jan,Apr,Jul,Oct"
c,a,50.0,11.0,2006.0,0,,,
a,c,2270.0,,,1,35.0,2012.0,"Mar,Jun,Sept,Dec"
d,a,12700.0,4.0,2013.0,0,,,
c,a,20970.0,11.0,2012.0,0,,,
a,c,170.0,2.0,2009.0,0,,,
a,a,7250.0,12.0,2013.0,0,,,
a,a,120.0,,,0,,,
a,a,2640.0,11.0,2002.0,0,,,
d,a,1360.0,,,1,35.0,2010.0,"Mar,Jun,Sept,Dec"
d,c,440.0,4.0,2014.0,0,,,
a,c,250.0,10.0,2008.0,0,,,
d,c,330.0,9.0,2006.0,1,14.0,2011.0,"Jan,Apr,Jul,Oct"
d,c,15720.0,3.0,2010.0,0,,,
a,c,360.0,,,1,18.0,2013.0,"Feb,May,Aug,Nov"
d,c,4520.0,9.0,2010.0,1,31.0,2013.0,"Jan,Apr,Jul,Oct"
a,c,3340.0,,,1,22.0,2012.0,"Mar,Jun,Sept,Dec"
a,a,2540.0,6.0,2005.0,0,,,
a,c,33060.0,3.0,2010.0,0,,,
a,a,1790.0,10.0,2011.0,0,,,
c,c,1130.0,6.0,2015.0,0,,,
c,a,290.0,9.0,2006.0,0,,,
a,a,150.0,9.0,2008.0,1,1.0,2012.0,"Mar,Jun,Sept,Dec"
c,a,550.0,12.0,2013.0,1,40.0,2014.0,"Jan,Apr,Jul,Oct"
d,c,580.0,11.0,2014.0,0,,,
d,c,17340.0,6.0,2010.0,1,9.0,2011.0,"Feb,May,Aug,Nov"
d,a,8220.0,4.0,2014.0,1,14.0,2011.0,"Jan,Apr,Jul,Oct"
a,a,2710.0,7.0,2001.0,1,22.0,2012.0,"Mar,Jun,Sept,Dec"
a,a,340.0,4.0,2007.0,1,13.0,2010.0,"Jan,Apr,Jul,Oct"
d,a,10950.0,3.0,2014.0,0,,,
d,a,10310.0,4.0,2003.0,1,37.0,2009.0,"Jan,Apr,Jul,Oct"
a,a,2260.0,11.0,2007.0,0,,,
a,a,350.0,8.0,1999.0,1,14.0,2011.0,"Jan,Apr,Jul,Oct"
a,c,18370.0,2.0,2013.0,1,14.0,2011.0,"Jan,Apr,Jul,Oct"
a,a,2070.0,9.0,2007.0,0,,,
a,a,660.0,1.0,2007.0,0,,,
a,a,8080.0,12.0,2002.0,1,40.0,2014.0,"Jan,Apr,Jul,Oct"
d,c,2490.0,11.0,2012.0,1,31.0,2009.0,"Jan,Apr,Jul,Oct"
c,a,250.0,6.0,2007.0,1,14.0,2011.0,"Jan,Apr,Jul,Oct"
a,a,1160.0,12.0,2012.0,0,,,
d,a,730.0,8.0,2007.0,0,,,
a,c,3040.0,8.0,2011.0,1,35.0,2010.0,"Mar,Jun,Sept,Dec"
a,c,8940.0,,,1,9.0,2011.0,"Jan,Apr,Jul,Oct"
d,c,9910.0,,,0,,,
a,a,1600.0,6.0,2006.0,1,45.0,2009.0,"Feb,May,Aug,Nov"
d,c,5440.0,,,1,40.0,2014.0,"Jan,Apr,Jul,Oct"
a,a,30.0,7.0,2002.0,0,,,
a,c,,,,0,,,
a,a,4080.0,3.0,2011.0,1,13.0,2010.0,"Jan,Apr,Jul,Oct"
a,c,6920.0,9.0,2011.0,0,,,
a,a,1170.0,4.0,2011.0,1,22.0,2012.0,"Feb,May,Aug,Nov"
c,c,10740.0,11.0,2013.0,0,,,
c,c,3970.0,3.0,2010.0,0,,,
a,c,2180.0,,,0,,,
d,a,510.0,7.0,2014.0,1,23.0,2015.0,"Mar,Jun,Sept,Dec"
a,a,1690.0,4.0,2015.0,0,,,
d,c,2870.0,,,1,35.0,2012.0,"Mar,Jun,Sept,Dec"
a,a,3350.0,2.0,2010.0,0,,,
d,a,11640.0,4.0,2005.0,1,22.0,2011.0,"Jan,Apr,Jul,Oct"
d,a,18610.0,,,0,,,
a,a,27530.0,4.0,2014.0,0,,,
c,a,720.0,10.0,2004.0,1,13.0,2010.0,"Jan,Apr,Jul,Oct"
d,c,9790.0,,,1,31.0,2009.0,"Feb,May,Aug,Nov"
d,a,10170.0,11.0,2001.0,0,,,
a,a,7780.0,11.0,2006.0,0,,,
d,c,8040.0,,,0,,,
a,c,610.0,12.0,2003.0,1,36.0,2013.0,"Mar,Jun,Sept,Dec"
c,c,530.0,4.0,2005.0,1,35.0,2010.0,"Mar,Jun,Sept,Dec"
a,a,230.0,6.0,2010.0,1,18.0,2010.0,"Feb,May,Aug,Nov"
c,a,4030.0,12.0,2004.0,1,14.0,2011.0,"Jan,Apr,Jul,Oct"
a,a,90.0,,,1,45.0,2009.0,"Feb,May,Aug,Nov"
a,a,620.0,9.0,2014.0,0,,,
a,c,7420.0,4.0,2013.0,0,,,
d,a,2130.0,12.0,2008.0,0,,,
a,a,14570.0,11.0,2002.0,0,,,
a,a,1420.0,10.0,2012.0,1,40.0,2014.0,"Jan,Apr,Jul,Oct"
a,a,200.0,,,0,,,
a,a,20390.0,,,0,,,
d,c,7520.0,7.0,2014.0,1,45.0,2009.0,"Feb,May,Aug,Nov"
c,a,6930.0,9.0,2006.0,0,,,
d,c,960.0,11.0,2012.0,1,5.0,2013.0,"Feb,May,Aug,Nov"
d,a,410.0,4.0,2009.0,1,13.0,2010.0,"Jan,Apr,Jul,Oct"
c,c,80.0,1.0,2006.0,1,10.0,2014.0,"Jan,Apr,Jul,Oct"
d,c,520.0,,,1,37.0,2009.0,"Jan,Apr,Jul,Oct"
d,a,1590.0,3.0,2012.0,0,,,
a,a,1200.0,11.0,2006.0,1,40.0,2014.0,"Jan,Apr,Jul,Oct"
d,c,2140.0,7.0,2013.0,0,,,
d,a,1070.0,,,0,,,
a,c,7860.0,5.0,2005.0,0,,,
d,c,1680.0,10.0,2005.0,0,,,
a,a,90.0,12.0,2012.0,1,14.0,2011.0,"Jan,Apr,Jul,Oct"
c,c,2700.0,,,1,9.0,2011.0,"Mar,Jun,Sept,Dec"
d,c,2870.0,9.0,2012.0,0,,,
c,a,1270.0,9.0,2010.0,0,,,
d,a,17080.0,7.0,2012.0,1,31.0,2013.0,"Jan,Apr,Jul,Oct"
a,a,2060.0,,,1,45.0,2009.0,"Feb,May,Aug,Nov"
a,c,2070.0,2.0,2008.0,1,39.0,2010.0,"Jan,Apr,Jul,Oct"
c,a,240.0,9.0,2002.0,0,,,
d,c,15170.0,,,1,5.0,2013.0,"Feb,May,Aug,Nov"
a,a,2640.0,12.0,2005.0,1,31.0,2013.0,"Feb,May,Aug,Nov"
a,a,2100.0,8.0,2013.0,1,14.0,2011.0,"Jan,Apr,Jul,Oct"
b,b,1410.0,9.0,2008.0,0,,,
d,a,1740.0,6.0,2014.0,1,45.0,2009.0,"Feb,May,Aug,Nov"
c,a,3250.0,,,1,40.0,2011.0,"Jan,Apr,Jul,Oct"
a,a,4140.0,9.0,2012.0,0,,,
c,a,170.0,,,1,35.0,2012.0,"Mar,Jun,Sept,Dec"
a,c,620.0,,,1,1.0,2014.0,"Mar,Jun,Sept,Dec"
b,a,150.0,9.0,2006.0,0,,,
a,a,2850.0,7.0,2014.0,0,,,
d,c,680.0,,,1,22.0,2012.0,"Jan,Apr,Jul,Oct"
a,a,650.0,11.0,2013.0,1,37.0,2009.0,"Jan,Apr,Jul,Oct"
a,a,20050.0,4.0,2002.0,0,,,
d,c,2770.0,,,0,,,
a,a,18760.0,8.0,2015.0,1,14.0,2011.0,"Jan,Apr,Jul,Oct"
d,a,15040.0,10.0,2004.0,0,,,
a,a,100.0,,,0,,,
d,c,3030.0,,,1,37.0,2009.0,"Jan,Apr,Jul,Oct"
a,a,40.0,8.0,2001.0,0,,,
d,a,450.0,,,1,40.0,2011.0,"Jan,Apr,Jul,Oct"
a,c,460.0,11.0,2012.0,1,40.0,2014.0,"Jan,Apr,Jul,Oct"
a,a,550.0,7.0,2011.0,1,1.0,2012.0,"Jan,Apr,Jul,Oct"
a,c,430.0,,,0,,,
d,a,3780.0,,,1,40.0,2011.0,"Jan,Apr,Jul,Oct"
a,a,1790.0,5.0,2011.0,0,,,
a,a,180.0,,,1,5.0,2013.0,"Jan,Apr,Jul,Oct"
a,c,830.0,,,1,27.0,2013.0,"Jan,Apr,Jul,Oct"
d,a,1450.0,3.0,2012.0,1,14.0,2011.0,"Jan,Apr,Jul,Oct"
a,a,8550.0,9.0,2001.0,1,45.0,2009.0,"Feb,May,Aug,Nov"
a,a,80.0,6.0,2005.0,0,,,
d,c,1910.0,4.0,2009.0,0,,,
a,a,4140.0,9.0,2012.0,1,18.0,2011.0,"Feb,May,Aug,Nov"
d,a,7830.0,9.0,2014.0,1,10.0,2014.0,"Mar,Jun,Sept,Dec"
a,c,2900.0,7.0,1990.0,0,,,
c,c,11470.0,10.0,2009.0,1,18.0,2014.0,"Jan,Apr,Jul,Oct"
a,a,500.0,12.0,2010.0,0,,,
d,a,1500.0,9.0,2008.0,1,14.0,2011.0,"Jan,Apr,Jul,Oct"
d,a,17110.0,3.0,2007.0,1,5.0,2010.0,"Jan,Apr,Jul,Oct"
a,a,4870.0,9.0,2007.0,1,45.0,2009.0,"Jan,Apr,Jul,Oct"
a,c,220.0,,,1,10.0,2014.0,"Jan,Apr,Jul,Oct"
d,c,12070.0,10.0,2005.0,1,10.0,2013.0,"Jan,Apr,Jul,Oct"
a,a,14810.0,6.0,2014.0,0,,,
d,a,3200.0,1.0,2008.0,1,22.0,2011.0,"Jan,Apr,Jul,Oct"
d,c,310.0,,,1,40.0,2011.0,"Jan,Apr,Jul,Oct"
a,a,1100.0,6.0,2015.0,0,,,
c,c,8190.0,,,1,45.0,2009.0,"Feb,May,Aug,Nov"
a,c,15320.0,3.0,2011.0,1,14.0,2013.0,"Feb,May,Aug,Nov"
a,c,3590.0,9.0,2012.0,1,22.0,2012.0,"Mar,Jun,Sept,Dec"
a,a,50.0,,,0,,,
d,c,5650.0,9.0,2008.0,1,5.0,2013.0,"Feb,May,Aug,Nov"
d,c,5900.0,,,0,,,
d,c,17540.0,6.0,2012.0,0,,,
a,c,40540.0,2.0,2002.0,0,,,
a,a,2050.0,3.0,2007.0,0,,,
d,a,13990.0,,,1,14.0,2011.0,"Jan,Apr,Jul,Oct"
c,c,8980.0,6.0,2011.0,0,,,
c,a,1190.0,9.0,2013.0,0,,,
a,a,15270.0,,,1,10.0,2014.0,"Jan,Apr,Jul,Oct"
a,c,35280.0,,,0,,,
b,b,860.0,10.0,1999.0,0,,,
a,a,220.0,,,1,36.0,2013.0,"Mar,Jun,Sept,Dec"
d,c,1920.0,4.0,2005.0,0,,,
c,c,1650.0,,,1,14.0,2011.0,"Jan,Apr,Jul,Oct"
a,a,100.0,5.0,2007.0,1,31.0,2013.0,"Jan,Apr,Jul,Oct"
d,c,5980.0,10.0,2005.0,0,,,
d,c,2770.0,6.0,2008.0,1,22.0,2011.0,"Jan,Apr,Jul,Oct"
d,a,6400.0,3.0,2014.0,0,,,
d,c,11900.0,,,0,,,
d,c,4380.0,,,0,,,
a,a,6710.0,11.0,2003.0,1,14.0,2012.0,"Jan,Apr,Jul,Oct"
a,a,1370.0,12.0,2011.0,1,40.0,2014.0,"Jan,Apr,Jul,Oct"
a,a,17650.0,11.0,2013.0,1,37.0,2009.0,"Jan,Apr,Jul,Oct"
d,c,4330.0,2.0,2011.0,1,35.0,2011.0,"Mar,Jun,Sept,Dec"
c,c,45740.0,8.0,2008.0,0,,,
d,a,2380.0,3.0,2010.0,1,14.0,2011.0,"Jan,Apr,Jul,Oct"
a,a,3410.0,8.0,2011.0,1,14.0,2015.0,"Jan,Apr,Jul,Oct"
d,a,8670.0,2.0,2002.0,1,14.0,2011.0,"Jan,Apr,Jul,Oct"
a,a,650.0,10.0,2006.0,0,,,
a,a,970.0,3.0,2013.0,1,31.0,2013.0,"Feb,May,Aug,Nov"
d,c,540.0,11.0,2012.0,1,35.0,2010.0,"Mar,Jun,Sept,Dec"
c,c,380.0,5.0,2008.0,1,10.0,2014.0,"Mar,Jun,Sept,Dec"
d,c,13130.0,12.0,2003.0,0,,,
a,c,50.0,,,1,40.0,2011.0,"Jan,Apr,Jul,Oct"
a,c,3450.0,,,0,,,
a,c,19780.0,6.0,2008.0,0,,,
a,a,110.0,11.0,2012.0,1,31.0,2013.0,"Feb,May,Aug,Nov"
a,a,560.0,1.0,2011.0,0,,,
a,a,2390.0,9.0,2012.0,0,,,
d,c,1280.0,,,1,10.0,2013.0,"Mar,Jun,Sept,Dec"
d,c,32240.0,3.0,2010.0,0,,,
a,c,26490.0,,,1,10.0,2014.0,"Mar,Jun,Sept,Dec"
a,c,25430.0,5.0,1999.0,1,37.0,2009.0,"Jan,Apr,Jul,Oct"
d,c,9820.0,,,0,,,
a,c,13080.0,,,0,,,
a,c,2630.0,9.0,2012.0,0,,,
b,b,840.0,,,1,48.0,2012.0,"Jan,Apr,Jul,Oct"
a,c,100.0,4.0,2015.0,0,,,
a,a,20640.0,9.0,2007.0,0,,,
d,c,1850.0,,,0,,,
a,a,200.0,,,0,,,
a,c,640.0,9.0,2013.0,0,,,
d,c,6970.0,12.0,2005.0,1,22.0,2011.0,"Jan,Apr,Jul,Oct"
c,a,700.0,4.0,2009.0,1,14.0,2011.0,"Jan,Apr,Jul,Oct"
d,c,8250.0,10.0,2004.0,1,10.0,2013.0,"Mar,Jun,Sept,Dec"
a,a,340.0,6.0,2003.0,1,40.0,2014.0,"Jan,Apr,Jul,Oct"
a,a,16990.0,4.0,2004.0,0,,,
a,a,18160.0,,,0,,,
a,a,630.0,4.0,2007.0,0,,,
c,c,5390.0,8.0,2003.0,1,1.0,2012.0,"Jan,Apr,Jul,Oct"
d,c,15490.0,,,0,,,
a,a,560.0,10.0,2014.0,1,10.0,2014.0,"Jan,Apr,Jul,Oct"
d,c,970.0,7.0,2005.0,1,31.0,2013.0,"Feb,May,Aug,Nov"
a,a,290.0,11.0,2006.0,1,5.0,2013.0,"Feb,May,Aug,Nov"
c,c,3210.0,6.0,2009.0,0,,,
a,c,1530.0,3.0,2013.0,0,,,
a,c,9770.0,7.0,2003.0,0,,,
d,c,9070.0,12.0,2003.0,0,,,
a,a,5950.0,4.0,2007.0,0,,,
d,a,17280.0,10.0,2009.0,1,18.0,2011.0,"Feb,May,Aug,Nov"
d,a,2710.0,7.0,2006.0,0,,,
c,c,5090.0,9.0,2006.0,0,,,
d,a,510.0,,,1,35.0,2010.0,"Mar,Jun,Sept,Dec"
a,c,7180.0,11.0,2012.0,0,,,
a,a,2090.0,10.0,2012.0,1,40.0,2014.0,"Jan,Apr,Jul,Oct"
a,a,9560.0,4.0,2001.0,0,,,
a,c,2700.0,,,0,,,
d,a,2020.0,7.0,2014.0,0,,,
d,a,48330.0,4.0,2013.0,0,,,
a,c,910.0,,,1,22.0,2011.0,"Feb,May,Aug,Nov"
d,a,1760.0,,,1,10.0,2014.0,"Mar,Jun,Sept,Dec"
c,c,2100.0,,,1,1.0,2013.0,"Jan,Apr,Jul,Oct"
d,a,24770.0,10.0,2011.0,1,10.0,2014.0,"Mar,Jun,Sept,Dec"
d,a,260.0,,,1,44.0,2010.0,"Feb,May,Aug,Nov"
a,a,3870.0,4.0,2008.0,0,,,
a,a,18620.0,,,1,31.0,2009.0,"Feb,May,Aug,Nov"
a,a,12770.0,10.0,2000.0,0,,,
d,c,9640.0,11.0,2013.0,0,,,
a,a,410.0,9.0,2012.0,0,,,
d,a,2590.0,9.0,2012.0,0,,,
a,a,1560.0,9.0,2003.0,0,,,
d,c,24530.0,7.0,2013.0,0,,,
a,a,590.0,1.0,1900.0,1,40.0,2014.0,"Jan,Apr,Jul,Oct"
c,c,460.0,,,0,,,
a,a,140.0,3.0,2006.0,0,,,
d,a,490.0,,,1,35.0,2010.0,"Mar,Jun,Sept,Dec"
a,c,720.0,10.0,2014.0,0,,,
a,c,1650.0,,,1,40.0,2014.0,"Jan,Apr,Jul,Oct"
a,a,1700.0,9.0,2009.0,0,,,
a,c,410.0,11.0,2010.0,1,48.0,2010.0,"Mar,Jun,Sept,Dec"
a,c,16210.0,11.0,2010.0,0,,,
a,a,17570.0,,,0,,,
a,a,380.0,5.0,2011.0,1,40.0,2014.0,"Jan,Apr,Jul,Oct"
a,c,7980.0,6.0,2005.0,0,,,
a,c,250.0,1.0,2005.0,0,,,
d,c,3290.0,12.0,2014.0,0,,,
c,a,110.0,,,0,,,
a,c,6320.0,,,1,5.0,2011.0,"Jan,Apr,Jul,Oct"
a,a,800.0,6.0,2007.0,0,,,
d,a,5070.0,,,1,45.0,2009.0,"Feb,May,Aug,Nov"
d,c,3290.0,12.0,1999.0,1,35.0,2010.0,"Mar,Jun,Sept,Dec"
a,a,3470.0,3.0,2012.0,0,,,
a,a,2890.0,12.0,2007.0,1,10.0,2014.0,"Mar,Jun,Sept,Dec"
a,a,2720.0,9.0,2012.0,0,,,
a,c,14600.0,4.0,2015.0,0,,,
d,c,6890.0,,,1,48.0,2011.0,"Mar,Jun,Sept,Dec"
c,a,240.0,1.0,2015.0,0,,,
a,a,1070.0,9.0,2009.0,0,,,
a,a,27650.0,8.0,2004.0,0,,,
d,c,1200.0,11.0,2007.0,0,,,
c,a,60.0,4.0,2006.0,0,,,
a,a,2030.0,9.0,2012.0,1,18.0,2011.0,"Feb,May,Aug,Nov"
d,a,7860.0,11.0,2005.0,1,14.0,2011.0,"Jan,Apr,Jul,Oct"
a,c,8860.0,4.0,2004.0,1,37.0,2009.0,"Jan,Apr,Jul,Oct"
c,c,190.0,,,1,31.0,2013.0,"Feb,May,Aug,Nov"
a,c,370.0,7.0,2007.0,1,14.0,2011.0,"Jan,Apr,Jul,Oct"
c,c,5000.0,,,0,,,
d,a,1120.0,5.0,2007.0,1,31.0,2013.0,"Jan,Apr,Jul,Oct"
d,c,2330.0,,,1,49.0,2014.0,"Mar,Jun,Sept,Dec"
c,a,940.0,4.0,2004.0,1,14.0,2011.0,"Jan,Apr,Jul,Oct"
a,a,14040.0,,,0,,,
c,a,4770.0,,,1,13.0,2010.0,"Jan,Apr,Jul,Oct"
a,a,3440.0,,,1,45.0,2009.0,"Feb,May,Aug,Nov"
a,a,3020.0,2.0,2010.0,0,,,
c,a,6270.0,8.0,2005.0,1,23.0,2014.0,"Mar,Jun,Sept,Dec"
a,a,3370.0,12.0,2008.0,1,40.0,2014.0,"Jan,Apr,Jul,Oct"
c,a,21770.0,7.0,2015.0,0,,,
c,c,5980.0,2.0,2010.0,0,,,
c,c,740.0,,,1,14.0,2013.0,"Mar,Jun,Sept,Dec"
a,c,2840.0,3.0,2010.0,1,14.0,2011.0,"Jan,Apr,Jul,Oct"
a,c,21370.0,11.0,2010.0,0,,,
a,a,1020.0,10.0,2012.0,1,45.0,2009.0,"Feb,May,Aug,Nov"
d,c,2640.0,,,0,,,
d,a,9680.0,,,1,5.0,2013.0,"Feb,May,Aug,Nov"
d,c,21810.0,9.0,2012.0,0,,,
d,c,1360.0,8.0,2005.0,1,10.0,2014.0,"Jan,Apr,Jul,Oct"
c,a,230.0,10.0,2001.0,1,14.0,2011.0,"Jan,Apr,Jul,Oct"
a,a,780.0,4.0,2009.0,0,,,
d,c,10620.0,,,0,,,
a,c,3860.0,9.0,2014.0,1,23.0,2015.0,"Mar,Jun,Sept,Dec"
a,a,2040.0,11.0,2008.0,0,,,
a,a,3210.0,,,0,,,
d,a,5070.0,11.0,2007.0,1,18.0,2015.0,"Feb,May,Aug,Nov"
a,a,21790.0,4.0,2005.0,1,18.0,2015.0,"Feb,May,Aug,Nov"
a,c,29190.0,,,0,,,
d,c,1100.0,12.0,2014.0,0,,,
d,a,,,,1,5.0,2013.0,"Feb,May,Aug,Nov"
a,c,4570.0,,,0,,,
a,a,180.0,3.0,2008.0,1,31.0,2013.0,"Feb,May,Aug,Nov"
a,a,30.0,4.0,2013.0,0,,,
a,a,3200.0,6.0,2005.0,0,,,
d,c,7550.0,,,0,,,
a,a,480.0,12.0,2005.0,0,,,
a,c,12430.0,10.0,2004.0,0,,,
d,a,19700.0,,,1,37.0,2009.0,"Jan,Apr,Jul,Oct"
d,a,4450.0,6.0,2012.0,1,35.0,2012.0,"Mar,Jun,Sept,Dec"
d,a,18670.0,12.0,2005.0,0,,,
a,a,4450.0,,,1,14.0,2011.0,"Jan,Apr,Jul,Oct"
a,c,350.0,,,1,31.0,2013.0,"Feb,May,Aug,Nov"
a,a,19370.0,4.0,2002.0,0,,,
a,a,130.0,,,1,1.0,2013.0,"Jan,Apr,Jul,Oct"
a,a,190.0,11.0,2012.0,0,,,
a,c,4150.0,,,0,,,
a,c,170.0,9.0,2012.0,0,,,
c,c,3290.0,1.0,2007.0,1,5.0,2013.0,"Feb,May,Aug,Nov"
a,a,18540.0,,,0,,,
d,a,2590.0,,,1,13.0,2010.0,"Jan,Apr,Jul,Oct"
a,a,3920.0,4.0,2005.0,1,40.0,2014.0,"Jan,Apr,Jul,Oct"
a,c,3170.0,4.0,2014.0,0,,,
a,a,310.0,5.0,2015.0,1,40.0,2014.0,"Jan,Apr,Jul,Oct"
d,c,7290.0,9.0,2014.0,0,,,
d,c,570.0,7.0,2013.0,1,14.0,2011.0,"Jan,Apr,Jul,Oct"
a,a,90.0,6.0,2014.0,0,,,
a,a,90.0,7.0,2010.0,0,,,
a,c,250.0,,,0,,,
a,a,1980.0,7.0,2010.0,1,37.0,2009.0,"Jan,Apr,Jul,Oct"
a,c,1680.0,,,1,45.0,2009.0,"Feb,May,Aug,Nov"
d,c,12480.0,,,1,1.0,2013.0,"Jan,Apr,Jul,Oct"
a,c,16490.0,,,0,,,
c,c,3100.0,5.0,2010.0,0,,,
a,a,280.0,,,0,,,
c,c,2640.0,4.0,2011.0,1,22.0,2012.0,"Mar,Jun,Sept,Dec"
d,c,650.0,3.0,2013.0,1,40.0,2014.0,"Jan,Apr,Jul,Oct"
a,a,90.0,11.0,2012.0,0,,,
a,a,7240.0,2.0,2010.0,0,,,
a,c,18710.0,4.0,2015.0,0,,,
a,a,2620.0,,,1,45.0,2009.0,"Feb,May,Aug,Nov"
a,a,850.0,2.0,2012.0,1,40.0,2014.0,"Jan,Apr,Jul,Oct"
a,a,840.0,9.0,2006.0,0,,,
d,a,2110.0,3.0,2006.0,0,,,
a,a,280.0,9.0,2008.0,0,,,
a,a,6420.0,4.0,2011.0,1,1.0,2012.0,"Jan,Apr,Jul,Oct"
c,a,470.0,3.0,2007.0,1,1.0,2012.0,"Jan,Apr,Jul,Oct"
d,c,5150.0,3.0,2011.0,1,13.0,2010.0,"Jan,Apr,Jul,Oct"
a,a,480.0,,,0,,,
d,c,1090.0,,,1,31.0,2013.0,"Feb,May,Aug,Nov"
a,c,4820.0,9.0,2013.0,0,,,
a,a,70.0,,,0,,,
a,c,1480.0,9.0,2011.0,1,1.0,2012.0,"Jan,Apr,Jul,Oct"
a,a,15700.0,,,1,13.0,2010.0,"Jan,Apr,Jul,Oct"
a,c,6270.0,2.0,2005.0,0,,,
a,c,5460.0,,,1,14.0,2011.0,"Jan,Apr,Jul,Oct"
a,c,22350.0,6.0,2010.0,0,,,
a,a,580.0,2.0,2008.0,0,,,
d,a,2810.0,,,1,10.0,2014.0,"Jan,Apr,Jul,Oct"
a,a,2820.0,9.0,2009.0,0,,,
d,a,1340.0,,,0,,,
d,c,6470.0,9.0,2012.0,0,,,
a,a,1200.0,12.0,2011.0,1,31.0,2013.0,"Jan,Apr,Jul,Oct"
d,c,6860.0,,,1,18.0,2011.0,"Jan,Apr,Jul,Oct"
d,c,18020.0,,,0,,,
c,a,1670.0,7.0,2015.0,0,,,
a,c,12480.0,3.0,2011.0,0,,,
a,a,2220.0,12.0,2011.0,1,14.0,2015.0,"Jan,Apr,Jul,Oct"
a,a,460.0,3.0,2014.0,1,13.0,2010.0,"Jan,Apr,Jul,Oct"
b,b,1430.0,,,0,,,
a,a,870.0,3.0,2006.0,0,,,
a,a,8460.0,11.0,1994.0,0,,,
d,c,710.0,,,1,40.0,2011.0,"Jan,Apr,Jul,Oct"
d,c,6300.0,10.0,2013.0,0,,,
a,a,19830.0,4.0,2006.0,1,22.0,2011.0,"Mar,Jun,Sept,Dec"
a,a,390.0,2.0,2013.0,1,10.0,2014.0,"Jan,Apr,Jul,Oct"
d,c,1690.0,7.0,2009.0,1,36.0,2013.0,"Mar,Jun,Sept,Dec"
a,a,2330.0,10.0,2014.0,1,18.0,2011.0,"Feb,May,Aug,Nov"
d,c,1420.0,11.0,2012.0,0,,,
a,a,440.0,11.0,2013.0,0,,,
a,c,1060.0,12.0,2005.0,0,,,
d,a,8990.0,,,1,31.0,2009.0,"Feb,May,Aug,Nov"
d,c,9430.0,,,0,,,
c,a,260.0,,,0,,,
a,c,23620.0,11.0,2013.0,0,,,
a,a,270.0,,,1,5.0,2013.0,"Feb,May,Aug,Nov"
a,c,110.0,,,0,,,
a,a,760.0,2.0,2008.0,0,,,
a,c,3560.0,9.0,2013.0,1,36.0,2013.0,"Jan,Apr,Jul,Oct"
c,a,1190.0,,,0,,,
a,c,600.0,11.0,1999.0,1,10.0,2013.0,"Jan,Apr,Jul,Oct"
a,a,910.0,12.0,2014.0,1,37.0,2009.0,"Jan,Apr,Jul,Oct"
c,a,1140.0,5.0,2011.0,1,14.0,2012.0,"Mar,Jun,Sept,Dec"
a,a,14960.0,,,0,,,
d,c,330.0,,,1,28.0,2012.0,"Jan,Apr,Jul,Oct"
a,a,150.0,3.0,2011.0,1,40.0,2014.0,"Jan,Apr,Jul,Oct"
a,c,9630.0,,,1,14.0,2011.0,"Jan,Apr,Jul,Oct"
a,a,4180.0,,,0,,,
a,a,520.0,9.0,2005.0,1,13.0,2010.0,"Jan,Apr,Jul,Oct"
c,c,3890.0,,,0,,,
a,c,2270.0,11.0,2005.0,1,14.0,2011.0,"Jan,Apr,Jul,Oct"
a,a,4420.0,9.0,2005.0,0,,,
d,c,2620.0,11.0,2002.0,0,,,
d,a,21930.0,,,0,,,
a,a,40.0,3.0,2014.0,1,1.0,2014.0,"Jan,Apr,Jul,Oct"
c,a,440.0,,,1,1.0,2013.0,"Jan,Apr,Jul,Oct"
c,c,490.0,5.0,2007.0,1,13.0,2010.0,"Jan,Apr,Jul,Oct"
a,a,620.0,10.0,2014.0,1,18.0,2014.0,"Feb,May,Aug,Nov"
c,a,1690.0,6.0,2007.0,0,,,
a,a,30.0,11.0,2012.0,0,,,
a,a,1640.0,6.0,2006.0,1,40.0,2011.0,"Jan,Apr,Jul,Oct"
d,a,20930.0,,,0,,,
a,a,1010.0,,,0,,,
a,a,2480.0,7.0,1990.0,0,,,
d,c,3460.0,10.0,2013.0,1,10.0,2014.0,"Jan,Apr,Jul,Oct"
a,a,2290.0,7.0,2011.0,1,1.0,2012.0,"Jan,Apr,Jul,Oct"
d,a,6560.0,12.0,2013.0,0,,,
c,a,2870.0,7.0,2015.0,1,13.0,2010.0,"Jan,Apr,Jul,Oct"
d,c,5840.0,7.0,2010.0,1,37.0,2009.0,"Jan,Apr,Jul,Oct"
a,a,780.0,9.0,2005.0,1,5.0,2013.0,"Feb,May,Aug,Nov"
d,c,15140.0,2.0,2002.0,1,37.0,2009.0,"Jan,Apr,Jul,Oct"
a,c,2230.0,5.0,2009.0,1,40.0,2014.0,"Jan,Apr,Jul,Oct"
c,a,19640.0,,,1,14.0,2011.0,"Jan,Apr,Jul,Oct"
d,c,1130.0,11.0,2008.0,0,,,
a,a,170.0,7.0,2013.0,1,27.0,2013.0,"Jan,Apr,Jul,Oct"
d,c,970.0,,,1,9.0,2011.0,"Mar,Jun,Sept,Dec"
a,a,6480.0,,,0,,,
c,c,3890.0,11.0,2006.0,1,5.0,2013.0,"Feb,May,Aug,Nov"
c,c,4180.0,9.0,2012.0,0,,,
a,c,30.0,9.0,2010.0,0,,,
a,a,230.0,7.0,2004.0,1,10.0,2014.0,"Jan,Apr,Jul,Oct"
d,c,4610.0,6.0,2010.0,1,18.0,2010.0,"Feb,May,Aug,Nov"
a,c,490.0,9.0,2012.0,1,18.0,2011.0,"Feb,May,Aug,Nov"
d,c,6330.0,6.0,2004.0,1,39.0,2010.0,"Jan,Apr,Jul,Oct"
a,a,630.0,2.0,2015.0,1,31.0,2013.0,"Feb,May,Aug,Nov"
a,c,210.0,,,1,31.0,2013.0,"Jan,Apr,Jul,Oct"
d,c,9910.0,12.0,2010.0,1,9.0,2011.0,"Mar,Jun,Sept,Dec"
c,c,550.0,,,1,35.0,2010.0,"Mar,Jun,Sept,Dec"
c,a,110.0,11.0,2008.0,0,,,
c,c,140.0,9.0,2012.0,0,,,
d,c,2740.0,7.0,2014.0,1,13.0,2010.0,"Jan,Apr,Jul,Oct"
a,a,40.0,8.0,2015.0,0,,,
a,a,1080.0,5.0,2011.0,0,,,
a,c,1520.0,,,0,,,
c,a,3740.0,2.0,2002.0,1,14.0,2011.0,"Jan,Apr,Jul,Oct"
c,c,1990.0,1.0,2012.0,0,,,
a,a,720.0,11.0,2009.0,0,,,
c,a,450.0,6.0,2011.0,1,48.0,2012.0,"Mar,Jun,Sept,Dec"
a,c,190.0,6.0,2008.0,1,40.0,2011.0,"Jan,Apr,Jul,Oct"
a,a,150.0,,,1,31.0,2013.0,"Jan,Apr,Jul,Oct"
a,a,1590.0,3.0,2006.0,0,,,
a,a,36410.0,4.0,2008.0,0,,,
d,a,590.0,5.0,2001.0,0,,,
d,c,270.0,2.0,2013.0,1,40.0,2012.0,"Jan,Apr,Jul,Oct"
a,a,7680.0,3.0,2006.0,0,,,
a,a,13750.0,4.0,2015.0,0,,,
a,a,27150.0,,,0,,,
d,c,9560.0,,,1,36.0,2013.0,"Jan,Apr,Jul,Oct"
a,c,150.0,,,0,,,
d,a,17290.0,10.0,2013.0,0,,,
a,c,70.0,6.0,1990.0,1,22.0,2012.0,"Mar,Jun,Sept,Dec"
a,a,4030.0,2.0,2013.0,1,10.0,2014.0,"Jan,Apr,Jul,Oct"
c,a,1600.0,8.0,2013.0,1,40.0,2014.0,"Jan,Apr,Jul,Oct"
a,a,3440.0,,,1,31.0,2013.0,"Feb,May,Aug,Nov"
c,a,420.0,3.0,2006.0,0,,,
c,a,240.0,4.0,2015.0,1,13.0,2010.0,"Jan,Apr,Jul,Oct"
a,c,26990.0,12.0,2013.0,0,,,
d,c,29070.0,4.0,2005.0,0,,,
a,a,3750.0,,,1,45.0,2009.0,"Feb,May,Aug,Nov"
d,c,1860.0,9.0,2012.0,1,40.0,2012.0,"Jan,Apr,Jul,Oct"
a,a,370.0,7.0,2012.0,1,14.0,2011.0,"Jan,Apr,Jul,Oct"
d,c,13170.0,8.0,2014.0,1,9.0,2011.0,"Mar,Jun,Sept,Dec"
c,a,200.0,7.0,1998.0,1,1.0,2012.0,"Jan,Apr,Jul,Oct"
a,c,5080.0,,,1,31.0,2013.0,"Feb,May,Aug,Nov"
a,a,1710.0,7.0,2015.0,0,,,
a,c,13190.0,,,1,45.0,2013.0,"Feb,May,Aug,Nov"
c,a,1980.0,4.0,2009.0,0,,,
d,c,5350.0,,,1,40.0,2012.0,"Jan,Apr,Jul,Oct"
d,c,3230.0,11.0,2011.0,0,,,
a,c,180.0,,,1,35.0,2010.0,"Mar,Jun,Sept,Dec"
c,a,3380.0,4.0,2013.0,0,,,
a,c,3430.0,,,1,31.0,2013.0,"Feb,May,Aug,Nov"
d,c,8110.0,,,0,,,
d,a,190.0,9.0,2012.0,1,40.0,2012.0,"Feb,May,Aug,Nov"
a,c,6250.0,,,0,,,
a,c,420.0,,,0,,,
a,a,1290.0,,,1,35.0,2011.0,"Mar,Jun,Sept,Dec"
a,a,3350.0,,,0,,,
d,c,12020.0,7.0,2009.0,0,,,
d,c,5010.0,,,1,5.0,2013.0,"Jan,Apr,Jul,Oct"
a,c,18050.0,,,1,14.0,2011.0,"Jan,Apr,Jul,Oct"
c,c,400.0,10.0,2008.0,0,,,
a,a,820.0,3.0,2012.0,1,35.0,2012.0,"Mar,Jun,Sept,Dec"
a,c,5380.0,8.0,2015.0,1,5.0,2010.0,"Feb,May,Aug,Nov"
a,c,1710.0,,,1,44.0,2012.0,"Jan,Apr,Jul,Oct"
c,c,3330.0,10.0,2001.0,1,14.0,2011.0,"Jan,Apr,Jul,Oct"
a,c,1410.0,10.0,2013.0,0,,,
a,c,90.0,,,1,1.0,2013.0,"Jan,Apr,Jul,Oct"
a,a,3750.0,11.0,2001.0,1,35.0,2010.0,"Mar,Jun,Sept,Dec"
d,c,670.0,,,1,40.0,2011.0,"Jan,Apr,Jul,Oct"
a,a,16680.0,,,1,37.0,2009.0,"Jan,Apr,Jul,Oct"
a,a,2410.0,,,1,40.0,2014.0,"Jan,Apr,Jul,Oct"
b,a,400.0,3.0,2006.0,0,,,
c,a,440.0,4.0,2002.0,0,,,
d,c,11540.0,,,1,5.0,2013.0,"Feb,May,Aug,Nov"
a,a,190.0,,,1,13.0,2010.0,"Jan,Apr,Jul,Oct"
c,a,4030.0,2.0,2015.0,0,,,
a,a,180.0,11.0,2013.0,1,18.0,2011.0,"Feb,May,Aug,Nov"
d,c,2210.0,11.0,2011.0,0,,,
a,a,4300.0,3.0,2009.0,1,27.0,2013.0,"Jan,Apr,Jul,Oct"
d,a,5220.0,5.0,2009.0,0,,,
a,a,330.0,,,1,14.0,2011.0,"Jan,Apr,Jul,Oct"
a,c,9990.0,,,0,,,
a,a,300.0,7.0,2000.0,1,40.0,2014.0,"Jan,Apr,Jul,Oct"
c,c,10450.0,6.0,2009.0,0,,,
d,a,2380.0,3.0,2013.0,1,40.0,2014.0,"Jan,Apr,Jul,Oct"
a,a,690.0,6.0,2007.0,1,14.0,2011.0,"Jan,Apr,Jul,Oct"
a,c,1130.0,,,1,10.0,2014.0,"Mar,Jun,Sept,Dec"
b,b,720.0,3.0,2002.0,0,,,
a,a,1830.0,11.0,2004.0,0,,,
a,c,200.0,4.0,2013.0,1,14.0,2013.0,"Jan,Apr,Jul,Oct"
a,a,540.0,,,1,14.0,2011.0,"Jan,Apr,Jul,Oct"
d,c,4060.0,9.0,2012.0,0,,,
a,a,850.0,11.0,2012.0,1,40.0,2014.0,"Jan,Apr,Jul,Oct"
d,c,1340.0,10.0,2006.0,1,5.0,2013.0,"Feb,May,Aug,Nov"
d,a,260.0,2.0,2012.0,1,14.0,2011.0,"Jan,Apr,Jul,Oct"
c,c,330.0,11.0,2008.0,1,5.0,2013.0,"Feb,May,Aug,Nov"
a,c,5330.0,9.0,2011.0,1,31.0,2013.0,"Jan,Apr,Jul,Oct"
a,a,1400.0,6.0,2012.0,1,13.0,2010.0,"Jan,Apr,Jul,Oct"
a,a,540.0,4.0,2004.0,0,,,
c,a,3490.0,4.0,2011.0,1,22.0,2012.0,"Jan,Apr,Jul,Oct"
c,c,900.0,9.0,2010.0,0,,,
a,a,1900.0,6.0,2014.0,1,31.0,2013.0,"Jan,Apr,Jul,Oct"
c,c,1880.0,4.0,2006.0,0,,,
a,c,9260.0,,,0,,,
a,c,870.0,,,0,,,
d,c,5350.0,,,1,22.0,2012.0,"Mar,Jun,Sept,Dec"
